link,type
https://raw.githubusercontent.com/TheSpeedX/SOCKS-List/master/socks5.txt,socks5
https://cdn.jsdelivr.net/gh/proxifly/free-proxy-list@main/proxies/protocols/socks5/data.txt,socks5
https://raw.githubusercontent.com/TheSpeedX/SOCKS-List/master/http.txt,http
https://cdn.jsdelivr.net/gh/proxifly/free-proxy-list@main/proxies/protocols/http/data.txt,http
https://raw.githubusercontent.com/dpangestuw/Free-Proxy/refs/heads/main/http_proxies.txt,http
https://raw.githubusercontent.com/dpangestuw/Free-Proxy/refs/heads/main/socks5_proxies.txt,socks5
https://raw.githubusercontent.com/FifzzSENZE/Master-Proxy/master/proxies/http.txt,http
https://raw.githubusercontent.com/FifzzSENZE/Master-Proxy/master/proxies/socks5.txt,socks5
https://raw.githubusercontent.com/Ian-Lusule/Proxies/refs/heads/main/proxies/http.txt,http
https://raw.githubusercontent.com/Ian-Lusule/Proxies/refs/heads/main/proxies/socks5.txt,socks5
https://raw.githubusercontent.com/sunny9577/proxy-scraper/refs/heads/master/generated/http_proxies.txt,http
https://raw.githubusercontent.com/sunny9577/proxy-scraper/refs/heads/master/generated/socks5_proxies.txt,socks5
https://raw.githubusercontent.com/Argh94/Proxy-List/refs/heads/main/HTTP.txt,http
https://raw.githubusercontent.com/Argh94/Proxy-List/refs/heads/main/SOCKS5.txt,socks5
https://raw.githubusercontent.com/zebbern/Proxy-Scraper/refs/heads/main/http.txt,http
https://raw.githubusercontent.com/zebbern/Proxy-Scraper/refs/heads/main/socks5.txt,socks5
https://raw.githubusercontent.com/ErcinDedeoglu/proxies/refs/heads/main/proxies/socks5.txt,socks5
https://raw.githubusercontent.com/ErcinDedeoglu/proxies/refs/heads/main/proxies/http.txt,http
https://raw.githubusercontent.com/TuanMinPay/live-proxy/refs/heads/master/http.txt,http
https://raw.githubusercontent.com/TuanMinPay/live-proxy/refs/heads/master/socks5.txt,socks5
https://raw.githubusercontent.com/elliottophellia/proxylist/refs/heads/master/results/http/global/http_checked.txt,http
https://raw.githubusercontent.com/elliottophellia/proxylist/refs/heads/master/results/socks5/global/socks5_checked.txt,socks5
https://raw.githubusercontent.com/Anonym0usWork1221/Free-Proxies/refs/heads/main/proxy_files/http_proxies.txt,http
https://raw.githubusercontent.com/Anonym0usWork1221/Free-Proxies/refs/heads/main/proxy_files/socks5_proxies.txt,socks5
https://media.githubusercontent.com/media/gfpcom/free-proxy-list/refs/heads/main/list/http.txt,http
https://media.githubusercontent.com/media/gfpcom/free-proxy-list/refs/heads/main/list/socks5.txt,socks5
https://raw.githubusercontent.com/iplocate/free-proxy-list/refs/heads/main/protocols/http.txt,http
https://raw.githubusercontent.com/iplocate/free-proxy-list/refs/heads/main/protocols/socks5.txt,socks5
https://raw.githubusercontent.com/BreakingTechFr/Proxy_Free/refs/heads/main/proxies/http.txt,http
https://raw.githubusercontent.com/BreakingTechFr/Proxy_Free/refs/heads/main/proxies/socks5.txt,socks5
https://raw.githubusercontent.com/fyvri/fresh-proxy-list/archive/storage/classic/http.txt,http
https://raw.githubusercontent.com/fyvri/fresh-proxy-list/archive/storage/classic/socks5.txt,socks5
https://raw.githubusercontent.com/Skillter/ProxyGather/refs/heads/master/proxies/working-proxies-http.txt,http
https://raw.githubusercontent.com/Skillter/ProxyGather/refs/heads/master/proxies/working-proxies-socks5.txt,socks5
https://raw.githubusercontent.com/dinoz0rg/proxy-list/refs/heads/main/scraped_proxies/http.txt,http
https://raw.githubusercontent.com/dinoz0rg/proxy-list/refs/heads/main/scraped_proxies/socks5.txt,socks5
https://raw.githubusercontent.com/RioMMO/ProxyFree/refs/heads/main/HTTP.txt,http
https://raw.githubusercontent.com/RioMMO/ProxyFree/refs/heads/main/SOCKS5.txt,socks5
https://raw.githubusercontent.com/variableninja/proxyscraper/refs/heads/main/proxies/http.txt,http
https://raw.githubusercontent.com/databay-labs/free-proxy-list/refs/heads/master/socks5.txt,socks5
https://raw.githubusercontent.com/databay-labs/free-proxy-list/refs/heads/master/http.txt,http
https://raw.githubusercontent.com/vmheaven/VMHeaven-Free-Proxy-Updated/refs/heads/main/http.txt,http
https://raw.githubusercontent.com/vmheaven/VMHeaven-Free-Proxy-Updated/refs/heads/main/socks5.txt,socks5
https://raw.githubusercontent.com/Mohammedcha/ProxRipper/refs/heads/main/full_proxies/http.txt,http
https://raw.githubusercontent.com/Mohammedcha/ProxRipper/refs/heads/main/full_proxies/socks5.txt,socks5
https://raw.githubusercontent.com/ebrasha/abdal-proxy-hub/refs/heads/main/http-proxy-list-by-EbraSha.txt,http
https://raw.githubusercontent.com/ebrasha/abdal-proxy-hub/refs/heads/main/socks5-proxy-list-by-EbraSha.txt,socks5